id	yearsAgo	commonsPage	directUrl	licenseShortName	width	height	contested
gobekli-tepe	11500	https://commons.wikimedia.org/wiki/File:GobeklitepeHeykel.jpg	https://upload.wikimedia.org/wikipedia/commons/e/e5/GobeklitepeHeykel.jpg	Public domain	977	1560	true
jomon-pottery	10000	https://commons.wikimedia.org/wiki/File:JomonPottery.JPG	https://upload.wikimedia.org/wikipedia/commons/9/9f/JomonPottery.JPG	Public domain	950	1037	true
tower-of-jericho	10000	https://commons.wikimedia.org/wiki/File:Tower_of_Jericho.jpg	https://upload.wikimedia.org/wikipedia/commons/0/03/Tower_of_Jericho.jpg	Public domain	2592	1944	true
catalhoyuk-mural	7500	https://commons.wikimedia.org/wiki/File:Chatal_H%C3%BCy%C3%BCk,_dancers_with_leopard_skins,_6000_BC.jpg	https://upload.wikimedia.org/wikipedia/commons/8/8e/Chatal_H%C3%BCy%C3%BCk%2C_dancers_with_leopard_skins%2C_6000_BC.jpg	Public domain	2647	1576	false
flint-sickle	6250	https://commons.wikimedia.org/wiki/File:Bifacial_Sickle_Insert,_4500-4000_BCE,_Egypt,_Western_Delta,_Merimda_Beni_Salama.jpg	https://upload.wikimedia.org/wikipedia/commons/b/b3/Bifacial_Sickle_Insert%2C_4500-4000_BCE%2C_Egypt%2C_Western_Delta%2C_Merimda_Beni_Salama.jpg	CC0	1942	3133	false
copper-awl	6000	https://commons.wikimedia.org/wiki/File:Awl_MET_ME38_40_396.jpg	https://upload.wikimedia.org/wikipedia/commons/5/53/Awl_MET_ME38_40_396.jpg	CC0	800	308	true
narmer-palette	5100	https://commons.wikimedia.org/wiki/File:Narmer_Palette_smiting_side.jpg	https://upload.wikimedia.org/wikipedia/commons/thumb/e/e3/Narmer_Palette_smiting_side.jpg/960px-Narmer_Palette_smiting_side.jpg	Public domain	2295	3388	false
great-pyramid-giza	4560	https://commons.wikimedia.org/wiki/File:Spelterini_Pyramids.jpg	https://upload.wikimedia.org/wikipedia/commons/thumb/3/3b/Spelterini_Pyramids.jpg/960px-Spelterini_Pyramids.jpg	Public domain	1800	1320	false
stonehenge	4500	https://commons.wikimedia.org/wiki/File:Stonehenge_-_England.JPG	https://upload.wikimedia.org/wikipedia/commons/3/39/Stonehenge_-_England.JPG	Public domain	1024	768	false
cuneiform-tablet-akkadian	4000	https://commons.wikimedia.org/wiki/File:Cuneiform_Akkadian_clay_tablet_1.jpg	https://upload.wikimedia.org/wikipedia/commons/thumb/e/e6/Cuneiform_Akkadian_clay_tablet_1.jpg/960px-Cuneiform_Akkadian_clay_tablet_1.jpg	Public domain	2719	3000	false
code-of-hammurabi	3750	https://commons.wikimedia.org/wiki/File:Code_of_Hammurabi,_SB_8_(23).jpg	https://upload.wikimedia.org/wikipedia/commons/thumb/7/7e/Code_of_Hammurabi%2C_SB_8_%2823%29.jpg/960px-Code_of_Hammurabi%2C_SB_8_%2823%29.jpg	Public domain	2112	2816	false
shang-oracle-bone	3200	https://commons.wikimedia.org/wiki/File:Shang_Inscribed_Ox_Bone_(9830574766).jpg	https://upload.wikimedia.org/wikipedia/commons/thumb/3/30/Shang_Inscribed_Ox_Bone_%289830574766%29.jpg/960px-Shang_Inscribed_Ox_Bone_%289830574766%29.jpg	CC0	3456	5184	false
chinese-bronze-zun-inscription	3150	https://commons.wikimedia.org/wiki/File:Bronze_Zun_with_Inscription,_Late_Shang,_13th-11th_C._BC_01a.jpg	https://upload.wikimedia.org/wikipedia/commons/thumb/9/9e/Bronze_Zun_with_Inscription%2C_Late_Shang%2C_13th-11th_C._BC_01a.jpg/960px-Bronze_Zun_with_Inscription%2C_Late_Shang%2C_13th-11th_C._BC_01a.jpg	CC0	5184	3456	false
lydian-gold-stater-croesus	2553	https://commons.wikimedia.org/wiki/File:Gold_stater_-_MET_26.59.2.jpg	https://upload.wikimedia.org/wikipedia/commons/thumb/2/2e/Gold_stater_-_MET_26.59.2.jpg/960px-Gold_stater_-_MET_26.59.2.jpg	CC0	4000	3000	false
parthenon-colonnade	2447	https://commons.wikimedia.org/wiki/File:Colonnade_Parthenon_Acropolis,_Athens,_Greece.jpg	https://upload.wikimedia.org/wikipedia/commons/thumb/1/1c/Colonnade_Parthenon_Acropolis%2C_Athens%2C_Greece.jpg/960px-Colonnade_Parthenon_Acropolis%2C_Athens%2C_Greece.jpg	CC0	4592	3056	false
terracotta-army-warrior	2210	https://commons.wikimedia.org/wiki/File:Qin_Terracotta_Warrior_01.jpg	https://upload.wikimedia.org/wikipedia/commons/thumb/7/73/Qin_Terracotta_Warrior_01.jpg/960px-Qin_Terracotta_Warrior_01.jpg	CC0	3168	4752	false
rosetta-stone	2196	https://commons.wikimedia.org/wiki/File:Gallery_of_antiquities,_selected_from_the_British_Museum_(1842)Figure_176.jpg	https://upload.wikimedia.org/wikipedia/commons/f/f3/Gallery_of_antiquities%2C_selected_from_the_British_Museum_%281842%29Figure_176.jpg	Public domain	799	1146	false
fangmatan-paper-map	2180	https://commons.wikimedia.org/wiki/File:Fangmatan_paper_map.jpg	https://upload.wikimedia.org/wikipedia/commons/thumb/b/bc/Fangmatan_paper_map.jpg/960px-Fangmatan_paper_map.jpg	Public domain	609	489	false
great-stupa-sanchi	2100	https://commons.wikimedia.org/wiki/File:The_Great_Stupa_at_Sanchi_in_Madhya_Pradesh.jpg	https://upload.wikimedia.org/wikipedia/commons/thumb/a/a6/The_Great_Stupa_at_Sanchi_in_Madhya_Pradesh.jpg/960px-The_Great_Stupa_at_Sanchi_in_Madhya_Pradesh.jpg	CC0	1000	499	false
colosseum-interior	1920	https://commons.wikimedia.org/wiki/File:Panoramic_of_Colosseum_of_Rome.jpg	https://upload.wikimedia.org/wikipedia/commons/thumb/8/86/Panoramic_of_Colosseum_of_Rome.jpg/960px-Panoramic_of_Colosseum_of_Rome.jpg	CC0	13514	8786	false
nazca-monkey-geoglyph	1900	https://commons.wikimedia.org/wiki/File:Nazca_monkey.jpg	https://upload.wikimedia.org/wikipedia/commons/thumb/3/3b/Nazca_monkey.jpg/960px-Nazca_monkey.jpg	Public domain	273	290	true
maya-stela-glyphs	1600	https://commons.wikimedia.org/wiki/File:Stela_Fragment_with_Glyphs_MET_1978.412.75_b.jpg	https://upload.wikimedia.org/wikipedia/commons/thumb/7/79/Stela_Fragment_with_Glyphs_MET_1978.412.75_b.jpg/960px-Stela_Fragment_with_Glyphs_MET_1978.412.75_b.jpg	CC0	1887	1823	true
hagia-sophia	1463	https://commons.wikimedia.org/wiki/File:Hagia_Sophia,_Constantinople,_Turkey,_ca._1897.jpg	https://upload.wikimedia.org/wikipedia/commons/f/f5/Hagia_Sophia%2C_Constantinople%2C_Turkey%2C_ca._1897.jpg	Public domain	3532	2571	false
bayeux-tapestry	925	https://commons.wikimedia.org/wiki/File:Bayeux_Tapestry_scene31_detail_Stigand.jpg	https://upload.wikimedia.org/wikipedia/commons/3/34/Bayeux_Tapestry_scene31_detail_Stigand.jpg	Public domain	552	857	false
sankore-mosque-timbuktu	900	https://commons.wikimedia.org/wiki/File:Fortier_368_Timbuktu_Sankore_Mosque.jpg	https://upload.wikimedia.org/wikipedia/commons/1/17/Fortier_368_Timbuktu_Sankore_Mosque.jpg	Public domain	1000	635	true
angkor-wat	870	https://commons.wikimedia.org/wiki/File:Angkor1866.jpg	https://upload.wikimedia.org/wikipedia/commons/9/93/Angkor1866.jpg	Public domain	1390	1080	false
great-zimbabwe	700	https://commons.wikimedia.org/wiki/File:Exterior_of_great_enclosure,G.Zimbabwe.JPG	https://upload.wikimedia.org/wikipedia/commons/2/24/Exterior_of_great_enclosure%2CG.Zimbabwe.JPG	Public domain	561	390	false
yuan-bronze-hand-gun	649	https://commons.wikimedia.org/wiki/File:Yuan_Bronze_Gun_(9870945906).jpg	https://upload.wikimedia.org/wikipedia/commons/8/84/Yuan_Bronze_Gun_%289870945906%29.jpg	CC0	640	480	false
machu-picchu	580	https://commons.wikimedia.org/wiki/File:Machupicchu_hb10.jpg	https://upload.wikimedia.org/wikipedia/commons/8/86/Machupicchu_hb10.jpg	Public domain	3072	1910	false
gutenberg-bible	545	https://commons.wikimedia.org/wiki/File:Gutenberg_Bible_WDL4102.jpg	https://upload.wikimedia.org/wikipedia/commons/b/b0/Gutenberg_Bible_WDL4102.jpg	Public domain	1024	1369	false
mona-lisa	495	https://commons.wikimedia.org/wiki/File:Mona_Lisa,_by_Leonardo_da_Vinci,_from_C2RMF_retouched.jpg	https://upload.wikimedia.org/wikipedia/commons/e/ec/Mona_Lisa%2C_by_Leonardo_da_Vinci%2C_from_C2RMF_retouched.jpg	Public domain	7479	11146	false
taj-mahal	352	https://commons.wikimedia.org/wiki/File:The_Taj,_from_the_Garden,_Agra.jpg	https://upload.wikimedia.org/wikipedia/commons/5/5e/The_Taj%2C_from_the_Garden%2C_Agra.jpg	CC0	4216	3645	false
girl-with-a-pearl-earring	335	https://commons.wikimedia.org/wiki/File:Meisje_met_de_parel.jpg	https://upload.wikimedia.org/wikipedia/commons/d/d7/Meisje_met_de_parel.jpg	Public domain	4095	4794	false
newtons-principia	313	https://commons.wikimedia.org/wiki/File:NewtonsPrincipia.jpg	https://upload.wikimedia.org/wikipedia/commons/4/41/NewtonsPrincipia.jpg	CC0	1266	842	false
jenner-cowpock-print	198	https://commons.wikimedia.org/wiki/File:The_cow-pock_-_or_-_the_wonderful_effects_of_the_new_inoculation_-_Js._Gillray,_del._%26_ft._LCCN94509853.jpg	https://upload.wikimedia.org/wikipedia/commons/f/fd/The_cow-pock_-_or_-_the_wonderful_effects_of_the_new_inoculation_-_Js._Gillray%2C_del._%26_ft._LCCN94509853.jpg	Public domain	1024	821	false
first-photograph	173	https://commons.wikimedia.org/wiki/File:View_from_the_Window_at_Le_Gras,_Joseph_Nic%C3%A9phore_Ni%C3%A9pce.jpg	https://upload.wikimedia.org/wikipedia/commons/5/5c/View_from_the_Window_at_Le_Gras%2C_Joseph_Nic%C3%A9phore_Ni%C3%A9pce.jpg	Public domain	2597	1805	false
stephensons-rocket	171	https://commons.wikimedia.org/wiki/File:PSM_V12_D283_The_rocket_1829.jpg	https://upload.wikimedia.org/wikipedia/commons/f/f4/PSM_V12_D283_The_rocket_1829.jpg	Public domain	1068	1015	false
great-wave-off-kanagawa	169	https://commons.wikimedia.org/wiki/File:Tsunami_by_hokusai_19th_century.jpg	https://upload.wikimedia.org/wikipedia/commons/a/a5/Tsunami_by_hokusai_19th_century.jpg	Public domain	3859	2594	false
morse-telegraph	163	https://commons.wikimedia.org/wiki/File:PSM_V03_D423_Morse_telegraph.jpg	https://upload.wikimedia.org/wikipedia/commons/7/74/PSM_V03_D423_Morse_telegraph.jpg	Public domain	1293	907	false
penny-black	160	https://commons.wikimedia.org/wiki/File:%22Penny_Black%22_postage_stamps_MET_DP328201.jpg	https://upload.wikimedia.org/wikipedia/commons/0/09/%22Penny_Black%22_postage_stamps_MET_DP328201.jpg	Public domain	2704	3194	false
bell-telephone	124	https://commons.wikimedia.org/wiki/File:PSM_V12_D582_Bell_telephone.jpg	https://upload.wikimedia.org/wikipedia/commons/c/cf/PSM_V12_D582_Bell_telephone.jpg	Public domain	599	1134	true
brooklyn-bridge	117	https://commons.wikimedia.org/wiki/File:East_River_Bridge,_New_York_City_LCCN2003653821.jpg	https://upload.wikimedia.org/wikipedia/commons/1/12/East_River_Bridge%2C_New_York_City_LCCN2003653821.jpg	Public domain	1536	1023	false
eiffel-tower	111	https://commons.wikimedia.org/wiki/File:Eiffel_Tower,_full-view_looking_toward_the_Trocadero,_Exposition_Universal,_1900,_Paris,_France.jpg	https://upload.wikimedia.org/wikipedia/commons/6/67/Eiffel_Tower%2C_full-view_looking_toward_the_Trocadero%2C_Exposition_Universal%2C_1900%2C_Paris%2C_France.jpg	Public domain	2334	3301	false
marconi-wireless-1901	99	https://commons.wikimedia.org/wiki/File:Guglielmo_Marconi_1901_wireless_signal.jpg	https://upload.wikimedia.org/wikipedia/commons/7/76/Guglielmo_Marconi_1901_wireless_signal.jpg	Public domain	3000	1849	false
wright-flyer-first-flight	97	https://commons.wikimedia.org/wiki/File:First_flight2.jpg	https://upload.wikimedia.org/wikipedia/commons/8/86/First_flight2.jpg	Public domain	6603	4280	false
ford-model-t-roadster	77	https://commons.wikimedia.org/wiki/File:1923_Ford_Model_T_Roadster_3b36638r.jpg	https://upload.wikimedia.org/wikipedia/commons/7/7c/1923_Ford_Model_T_Roadster_3b36638r.jpg	Public domain	640	458	false
trinity-test-fireball	55	https://commons.wikimedia.org/wiki/File:Trinity_Test_Fireball_16ms.jpg	https://upload.wikimedia.org/wikipedia/commons/7/78/Trinity_Test_Fireball_16ms.jpg	Public domain	1483	1000	false
eniac-brl-programmers	53	https://commons.wikimedia.org/wiki/File:Glen_Beck_and_Betty_Snyder_program_the_ENIAC_in_building_328_at_the_Ballistic_Research_Laboratory.jpg	https://upload.wikimedia.org/wikipedia/commons/d/d3/Glen_Beck_and_Betty_Snyder_program_the_ENIAC_in_building_328_at_the_Ballistic_Research_Laboratory.jpg	Public domain	1340	1024	false
sputnik-1-replica	43	https://commons.wikimedia.org/wiki/File:Sputnik_asm.jpg	https://upload.wikimedia.org/wikipedia/commons/b/be/Sputnik_asm.jpg	Public domain	1094	896	false
apollo-11-bootprint	31	https://commons.wikimedia.org/wiki/File:Apollo_11_bootprint.jpg	https://upload.wikimedia.org/wikipedia/commons/8/89/Apollo_11_bootprint.jpg	Public domain	2349	2369	false
